Season,home_team,away_team,home_score,away_score,result,90s_difference,Age_difference,AssistPer90_difference,Assists_difference,Att_difference,AvgShotDistance_difference,Blocked_difference,CK_difference,CS_difference,CS%_difference,Carries_difference,CarriesPenArea_difference,Clearance_difference,Cmp_difference,Cmp%_difference,Completed_difference,Crs_difference,D_difference,Dead_difference,Def_difference,Def.1_difference,Dispossed_difference,Drib_Tackle_Lost_difference,Drib_Tackled_difference,DribbleSucc_difference,DribbleSucc%_difference,DribbleTkld_difference,DribblesAtt_difference,Errors_to_shot_difference,FK_difference,Fld_difference,Fld.1_difference,GA_difference,GA90_difference,GCA_difference,GCA90_difference,Goals_difference,GoalsFromPenalties_difference,GoalsPer90_difference,GoalsPerShot_difference,GoalsPerShotOnTarget_difference,GoalsandAssistPer90_difference,GoalsandAssists_difference,Int 90s_difference,Int Assists_difference,Int Assists Per 90_difference,Int Goals_difference,Int Goals + Assists _difference,Int Goals + Assits Per 90_difference,Int Goals Per 90_difference,Int Matches Played_difference,Int Min_difference,Int Non Penalty Goals_difference,Int Non Penalty Goals + Assits Per 90_difference,Int Non Penalty Goals Per 90_difference,Int Penaltes Attempted_difference,Int Penalty Goals_difference,Int Red Cards_difference,Int Starts_difference,Int Yellow Cards_difference,Interceptions_difference,L_difference,LP_Att_difference,LP_Cmp_difference,LP_Cmp%_difference,Live_difference,MP_difference,MP_Att_difference,MP_Cmp_difference,MP_Cmp%_difference,Min_difference,Miscontrolled_difference,NonPenaltyGoals_difference,NonPenaltyGoalsPer90_difference,Offside_pass_difference,PKA_difference,PKatt_x_difference,PKatt_y_difference,PKsv_difference,PassDead_difference,PassDead.1_difference,PassLive_difference,PassLive.1_difference,Passes_Att_difference,Passes_Blocked_difference,PenaltiesAttemped_difference,PenaltyGoals_difference,PrgC_difference,PrgDist_difference,ProgressiveCarries_x_difference,ProgressiveCarries_y_difference,ProgressiveFinalThird_difference,ProgressivePasses_difference,ProgressiveReceive_difference,ProgressivegDist_difference,Recievd _difference,RedCards_difference,SCA_difference,SCA90_difference,SP_Att_difference,SP_Cmp_difference,SP_Cmp%_difference,Save%_difference,Save%.1_difference,Saves_difference,Sh_difference,Sh.1_difference,Sh/90_difference,Shots_difference,ShotsOnTarget_difference,Shots_Blocked_difference,SoT%_difference,SoT/90_difference,SoTA_difference,Starts_difference,Sw_difference,TB_difference,TI_difference,TO_difference,TO.1_difference,Tackles_Att_3rd_difference,Tackles_Def_3rd_difference,Tackles_Won_difference,Tackles_mid_3rd_difference,TotDist_x_difference,TotDist_y_difference,Total_Blocks_difference,Total_Tackles_difference,Touches_difference,TouchesAtt 3rd_difference,TouchesAtt Pen_difference,TouchesDef 3rd_difference,TouchesDef Pen_difference,TouchesLive_difference,TouchesMid 3rd_difference,W_difference,Year_difference,YelloCards_difference
2023-2024,Germany,Scotland,,,Germany,-3.033333333333335,5.587499999999999,0.1941666666666667,4.333333333333333,1534.075,0.15000000000000213,-2.333333333333332,11.41666666666666,,,1074.3,13.0,63.625,1384.6333333333332,8.60541666666667,1384.6333333333332,63.749999999999986,,57.400000000000006,-0.33333333333333326,0.3333333333333333,-7.333333333333336,-8.999999999999996,11.766666666666664,21.16666666666666,57.33333333333334,17.083333333333332,36.916666666666664,2.0,14.5,-2.5,-0.6666666666666666,,,7.333333333333333,0.36416666666666664,-1.0,0.0,-0.05999999999999989,-0.07500000000000001,-0.09916666666666668,0.255,2.833333333333333,-2.485,-0.5833333333333335,0.8666666666666667,-2.833333333333333,-3.333333333333333,1.2966666666666664,0.43,-2.833333333333334,-223.05,-2.5,0.49750000000000005,0.47333333333333333,-0.3333333333333333,-0.3333333333333333,0.0,-2.6500000000000004,-1.0666666666666667,17.395833333333336,,161.16666666666666,123.66666666666669,8.132083333333327,1458.2208333333333,-4.583333333333329,654.7416666666668,611.4958333333333,13.79625,-273.0833333333335,-2.5,-1.0,0.09250000000000011,2.833333333333335,,,0.0,,5.416666666666666,0.5833333333333333,20.166666666666664,5.0,1534.075,-1.6666666666666643,0.0,0.0,31.0,8095.166666666667,40.49999999999994,31.0,26.66666666666667,110.74999999999997,110.74999999999997,2882.054166666667,1317.2708333333333,0.1666666666666666,40.5,2.6625000000000005,681.0625,647.725,7.28125,,,,0.0,0.16666666666666669,0.925,-3.666666666666657,1.5,11.575,1.4583333333333286,0.22333333333333327,,16.5625,8.991666666666667,0.6666666666666661,-15.674999999999997,4.166666666666666,-0.16666666666666663,0.33333333333333304,10.3125,0.5,-3.5,17266.4625,5479.366666666666,-6.833333333333336,-7.499999999999986,1672.133333333333,241.66666666666657,19.666666666666664,612.8333333333333,688.8333333333334,1671.9666666666665,52.499999999999545,,0.0,-3.5
2023-2024,Hungary,Switzerland,,,Switzerland,-11.316666666666666,-3.6111111111111036,0.05500000000000001,0.16666666666666674,-752.4444444444443,0.3299999999999983,6.1,32.06666666666666,,,-552.4444444444443,2.0,-23.55555555555557,-738.6388888888889,-10.325000000000003,-738.6388888888889,32.0,,-91.66666666666669,-0.4,0.0,-10.666666666666664,15.600000000000001,-2.444444444444443,-5.166666666666664,-57.1,-10.5,-17.33333333333333,-0.33333333333333326,-26.666666666666657,1.0,1.0,,,5.666666666666666,0.2533333333333334,-2.0,-1.0,-0.08000000000000002,-0.03,-0.05666666666666659,0.07200000000000001,-1.0,2.677777777777778,0.33333333333333337,0.52,-2.0,1.0,-0.2400000000000001,-0.6100000000000001,0.08333333333333393,239.16666666666663,-3.0,-0.22000000000000008,-0.7300000000000001,1.0,1.0,0.1111111111111111,3.0555555555555554,-0.7500000000000001,-15.277777777777775,,-284.0,-153.0,-8.150000000000006,-753.3333333333333,-1.5833333333333357,-318.41666666666663,-326.94444444444446,-10.316666666666649,-1015.1666666666665,-24.0,-1.0,-0.0799999999999999,2.3,,,0.0,,8.466666666666667,0.0,27.299999999999997,2.666666666666667,-752.4444444444443,3.0,0.0,-1.0,-13.5,-10773.666666666666,-35.349999999999994,-13.5,-1.8333333333333286,28.5,28.5,-1721.027777777778,-642.9166666666667,-0.5833333333333334,19.16666666666667,0.8716666666666666,-334.0,-335.0,-7.294444444444437,,,,4.0,3.0,0.48,12.0,-2.0,-6.222222222222223,-10.283333333333331,-0.039999999999999925,,-12.000000000000002,1.2666666666666657,1.4,31.66666666666667,-3.333333333333334,-2.0,0.04999999999999982,1.75,-3.1499999999999986,-5.800000000000001,-9230.22222222222,-2816.3055555555557,-3.9499999999999993,-3.799999999999997,-823.9444444444443,26.5,6.0,-877.6666666666667,-945.6666666666666,-823.9444444444443,-468.0,,0.0,-5.05
2023-2024,Germany,Hungary,,,Germany,8.333333333333332,5.520833333333332,0.11583333333333329,4.0,1504.375,-0.03333333333333144,3.166666666666668,-11.416666666666671,,,946.3333333333333,0.0,46.95833333333334,1353.8333333333333,9.635416666666671,1353.8333333333333,34.583333333333314,,2.0,1.0,0.3333333333333333,14.0,-10.333333333333332,9.499999999999996,22.83333333333333,57.1,6.75,27.25,2.0,4.5,-3.5,-2.0,,,2.666666666666666,0.04416666666666669,1.0,0.0,0.020000000000000018,0.0049999999999999975,0.11749999999999991,0.22833333333333328,4.5,-4.158333333333333,-0.5833333333333335,0.48,-3.5,-6.0,1.0099999999999998,0.38,-3.166666666666667,-372.91666666666663,-2.5,0.45750000000000013,0.5,-1.0,-1.0,-0.1666666666666666,-4.583333333333333,-0.3333333333333333,11.229166666666668,,161.5,129.0,13.318749999999994,1394.3541666666665,0.0833333333333357,599.7083333333335,565.7291666666666,11.28958333333334,745.583333333333,-9.5,1.0,0.17250000000000001,3.666666666666668,,,-1.0,,-1.083333333333334,0.9166666666666666,7.666666666666657,4.0,1504.375,-0.1666666666666643,-1.0,0.0,21.666666666666657,8935.5,99.83333333333329,21.666666666666657,16.66666666666667,33.083333333333314,33.083333333333314,2465.520833333333,1259.9375,0.0,20.5,1.1958333333333337,665.7291666666666,649.7916666666666,8.581249999999997,,,,-7.0,-2.5,0.0950000000000002,-21.0,-4.5,7.708333333333334,0.7250000000000014,-0.09000000000000008,,12.895833333333334,6.958333333333334,5.0,-3.375,4.833333333333333,0.5,2.0,6.8125,5.0,5.166666666666668,14712.729166666666,4448.833333333333,2.0,7.666666666666671,1612.6666666666663,171.33333333333326,0.0,606.1666666666667,679.1666666666666,1612.4999999999998,594.6666666666663,,0.0,1.833333333333333
2023-2024,Scotland,Switzerland,,,draw,0.05000000000000071,-3.67777777777777,-0.0233333333333334,-0.16666666666666652,-782.1444444444444,0.14666666666666472,11.6,9.233333333333334,,,-680.411111111111,-11.0,-40.22222222222223,-769.4388888888889,-9.295000000000002,-769.4388888888889,2.8333333333333286,,-147.0666666666667,0.9333333333333332,0.0,10.666666666666671,14.266666666666666,-4.71111111111111,-3.4999999999999964,-57.33333333333334,-20.833333333333332,-26.999999999999993,-0.33333333333333326,-36.66666666666666,0.0,-0.33333333333333337,,,0.9999999999999991,-0.0666666666666666,0.0,-1.0,-1.1102230246251565e-16,0.05,0.16,0.04533333333333331,0.666666666666667,1.0044444444444443,0.33333333333333337,0.1333333333333333,-2.666666666666667,-1.666666666666667,-0.5266666666666667,-0.6600000000000001,-0.2499999999999991,89.30000000000001,-3.0,-0.26,-0.7033333333333334,0.3333333333333333,0.3333333333333333,-0.0555555555555555,1.1222222222222227,-0.01666666666666683,-21.444444444444443,,-283.66666666666663,-147.66666666666669,-2.9633333333333383,-817.2,3.0833333333333286,-373.45,-372.7111111111111,-12.82333333333331,3.5,-31.0,1.0,0.0,3.133333333333333,,,-1.0,,1.9666666666666668,0.3333333333333333,14.79999999999999,1.666666666666667,-782.1444444444444,4.5,-1.0,-1.0,-22.833333333333343,-9933.333333333332,23.98333333333335,-22.833333333333343,-11.833333333333329,-49.166666666666664,-49.166666666666664,-2137.561111111112,-700.25,-0.75,-0.8333333333333286,-0.5950000000000002,-349.33333333333337,-332.9333333333334,-5.99444444444444,,,,-3.0,0.3333333333333333,-0.34999999999999987,-5.333333333333343,-8.0,-10.088888888888889,-11.016666666666659,-0.3533333333333333,,-15.666666666666668,-0.7666666666666675,5.733333333333334,43.96666666666667,-2.6666666666666674,-1.3333333333333335,1.7166666666666668,-1.75,1.3500000000000014,2.866666666666667,-11783.955555555554,-3846.8388888888885,4.883333333333336,11.36666666666666,-883.411111111111,-43.833333333333314,-13.666666666666664,-884.3333333333333,-955.3333333333334,-883.411111111111,74.16666666666674,,0.0,0.2833333333333332
2023-2024,Switzerland,Germany,,,draw,2.9833333333333343,-1.9097222222222285,-0.17083333333333328,-4.166666666666667,-751.9305555555557,-0.29666666666666686,-9.266666666666667,-20.649999999999995,-0.5,-8.650000000000002,-393.8888888888889,-2.0,-23.40277777777777,-615.1944444444443,0.6895833333333314,-615.1944444444443,-66.58333333333331,4.333333333333333,89.66666666666669,-0.6,-0.3333333333333333,-3.3333333333333357,-5.266666666666669,-7.055555555555554,-17.666666666666664,0.0,3.75,-9.916666666666671,-1.6666666666666667,22.166666666666657,2.5,1.0,9.666666666666657,0.05833333333333335,-8.333333333333332,-0.2975000000000001,1.0,1.0,0.06,0.025,-0.06083333333333332,-0.3003333333333333,-3.5,1.4805555555555556,0.25000000000000006,-1.0,5.5,5.0,-0.7699999999999998,0.2300000000000001,3.083333333333333,133.75,5.5,-0.23750000000000004,0.2300000000000001,0.0,0.0,0.0555555555555555,1.5277777777777777,1.0833333333333335,4.048611111111107,3.833333333333334,122.5,24.0,-5.168749999999989,-641.0208333333333,1.5,-281.29166666666686,-238.78472222222217,-0.9729166666666913,269.5833333333335,33.5,0.0,-0.09250000000000011,-5.966666666666668,3.0,3.5,1.0,0.16666666666666663,-7.383333333333333,-0.9166666666666666,-34.966666666666654,-6.666666666666667,-751.9305555555557,-2.8333333333333357,1.0,1.0,-8.166666666666657,1838.166666666666,-64.48333333333329,-8.166666666666657,-14.833333333333343,-61.583333333333314,-61.583333333333314,-744.4930555555552,-617.0208333333333,0.5833333333333334,-39.66666666666667,-2.0675000000000003,-331.72916666666663,-314.79166666666663,-1.28680555555556,5.6000000000000085,0.016666666666669272,34.333333333333314,3.0,-0.5,-0.5750000000000002,9.0,6.5,-1.4861111111111107,9.55833333333333,0.13,43.5,-0.8958333333333321,-8.225,-6.4,-28.29166666666667,-1.4999999999999991,1.5,-2.05,-8.5625,-1.8500000000000014,0.6333333333333329,-5482.506944444445,-1632.5277777777774,1.9499999999999993,-3.8666666666666742,-788.722222222222,-197.83333333333326,-6.0,271.5,266.5,-788.5555555555554,-126.66666666666629,-2.0,0.0,3.216666666666667
2023-2024,Scotland,Hungary,,,Hungary,11.366666666666667,-0.06666666666666643,-0.07833333333333341,-0.33333333333333326,-29.700000000000045,-0.18333333333333357,5.5,-22.833333333333332,,,-127.96666666666675,-13.0,-16.666666666666657,-30.799999999999955,1.0300000000000011,-30.799999999999955,-29.16666666666667,,-55.400000000000006,1.3333333333333333,0.0,21.333333333333336,-1.3333333333333357,-2.2666666666666675,1.6666666666666679,-0.2333333333333414,-10.333333333333332,-9.666666666666664,0.0,-10.0,-1.0,-1.3333333333333335,,,-4.666666666666667,-0.31999999999999995,2.0,0.0,0.0799999999999999,0.08,0.2166666666666666,-0.0266666666666667,1.666666666666667,-1.6733333333333338,0.0,-0.3866666666666667,-0.666666666666667,-2.666666666666667,-0.2866666666666666,-0.04999999999999999,-0.33333333333333304,-149.86666666666662,0.0,-0.039999999999999925,0.026666666666666672,-0.6666666666666667,-0.6666666666666667,-0.1666666666666666,-1.9333333333333327,0.7333333333333333,-6.166666666666668,,0.3333333333333428,5.333333333333314,5.186666666666667,-63.86666666666679,4.666666666666664,-55.03333333333336,-45.76666666666662,-2.5066666666666606,1018.6666666666665,-7.0,2.0,0.0799999999999999,0.833333333333333,,,-1.0,,-6.5,0.3333333333333333,-12.500000000000007,-1.0,-29.700000000000045,1.5,-1.0,0.0,-9.333333333333343,840.333333333333,59.33333333333334,-9.333333333333343,-10.0,-77.66666666666666,-77.66666666666666,-416.53333333333376,-57.33333333333326,-0.1666666666666666,-20.0,-1.4666666666666668,-15.333333333333371,2.066666666666606,1.2999999999999972,,,,-7.0,-2.6666666666666665,-0.8299999999999998,-17.333333333333343,-6.0,-3.8666666666666663,-0.7333333333333272,-0.31333333333333335,,-3.666666666666666,-2.033333333333333,4.333333333333334,12.299999999999997,0.6666666666666665,0.6666666666666666,1.666666666666667,-3.5,4.5,8.666666666666668,-2553.7333333333336,-1030.533333333333,8.833333333333336,15.166666666666657,-59.4666666666667,-70.33333333333331,-19.666666666666664,-6.666666666666629,-9.666666666666657,-59.4666666666667,542.1666666666667,,0.0,5.333333333333333
2023-2024,Spain,Croatia,,,Spain,-5.550000000000001,4.428571428571431,0.2406249999999999,3.616071428571429,-585.2857142857144,-3.5928571428571416,22.285714285714285,17.44642857142857,,,-272.1071428571429,15.142857142857142,-29.07142857142857,-536.0714285714286,-4.346428571428561,-536.0714285714286,52.0625,,82.33333333333329,1.7142857142857142,0.2857142857142857,8.767857142857142,20.857142857142858,-1.9285714285714306,13.767857142857142,-39.6,10.94642857142857,28.8125,-0.33333333333333326,29.5,-0.35714285714285676,-0.3571428571428572,,,5.589285714285715,0.08812500000000001,-1.7142857142857144,-1.0714285714285716,-0.033571428571428585,-0.0314285714285715,-0.04812499999999992,0.4135714285714285,2.1428571428571423,-1.7666666666666666,0.6160714285714286,0.33,1.5,2.357142857142857,0.7242857142857142,0.3957142857142857,-4.666666666666667,-158.9285714285714,1.5,0.9721428571428571,0.3957142857142857,0.0,0.0,0.0,-2.0238095238095237,-0.2857142857142858,-14.535714285714286,,272.6666666666667,75.66666666666666,-18.094230769230776,-567.3928571428571,0.6666666666666643,-296.07142857142856,-281.6428571428571,3.9011904761904503,-499.0,-2.5,-0.6428571428571432,-0.0639285714285715,4.0,,,-0.8571428571428572,,6.383928571428571,1.4375,41.86607142857143,4.366071428571429,-585.2857142857144,17.92857142857143,-0.8571428571428572,-1.0714285714285716,33.14285714285714,6342.666666666666,115.92857142857144,33.14285714285714,28.1875,68.01785714285714,68.01785714285714,-258.7142857142858,-380.2142857142858,0.1785714285714285,38.24107142857143,0.983392857142857,-217.89285714285722,-202.28571428571428,6.221428571428561,,,,2.3571428571428568,0.3571428571428571,0.667142857142857,10.857142857142847,2.3571428571428577,-5.071428571428571,-3.6187499999999986,0.08428571428571441,,-4.464285714285715,9.928571428571429,5.6875,-14.892857142857139,3.678571428571429,1.8571428571428568,7.642857142857142,-4.785714285714285,23.285714285714285,13.0,-4777.440476190473,-628.4285714285716,21.357142857142858,38.14285714285714,-627.5357142857144,192.2410714285714,19.571428571428555,365.33333333333337,583.1666666666666,-627.5357142857144,692.8571428571429,,0.0,3.0
2023-2024,Italy,Albania,,,Italy,18.875,-3.7666666666666657,0.04799999999999999,1.4,983.6999999999999,-2.59375,16.75,-7.199999999999999,8.0,25.7,706.2333333333331,8.285714285714285,-1.9333333333333371,820.5,0.9200000000000017,820.5,14.700000000000003,4.5,83.0,0.25,0.0,5.714285714285715,-13.375,8.966666666666669,7.642857142857142,40.0,13.82857142857143,27.514285714285712,3.5,3.5,1.7142857142857135,1.0,6.5,-0.7300000000000001,3.2714285714285722,0.11828571428571441,-3.571428571428571,-2.1428571428571432,-0.02142857142857152,-0.02714285714285719,0.014999999999999902,0.17625,-1.5714285714285712,0.7666666666666666,-0.5857142857142859,-0.002857142857142836,1.1428571428571428,0.5714285714285714,0.65,0.6528571428571429,3.0,69.16666666666657,1.1428571428571428,0.13299999999999995,0.6528571428571429,0.0,0.0,0.0,0.7666666666666666,0.1333333333333333,4.5,-3.5,52.5,57.0,3.005833333333335,957.2666666666665,16.0,380.6,339.90000000000003,0.7516666666666794,1698.75,6.428571428571431,-1.4285714285714288,0.06428571428571428,3.5625,2.0,2.5,-3.0,0.5,1.8499999999999996,0.09999999999999998,20.1,1.3285714285714278,983.6999999999999,5.8125,-3.0,-2.1428571428571432,13.48571428571428,4724.5,111.9375,13.48571428571428,26.0,64.17142857142858,64.17142857142858,1847.2666666666669,904.8666666666666,-0.4333333333333334,28.02857142857144,1.2318571428571428,468.73333333333335,416.8,0.7166666666666686,12.549999999999997,-8.299999999999997,61.5,1.2857142857142856,0.2857142857142857,0.6642857142857146,-4.428571428571431,-5.571428571428573,-2.9333333333333336,-0.25428571428571445,0.08142857142857163,69.0,12.35,6.1833333333333345,2.6125,2.0,3.1571428571428566,0.7142857142857143,6.1875,11.933333333333334,8.375,0.75,8344.6,3390.533333333333,0.25,11.5625,1081.3666666666663,159.5857142857143,-5.142857142857139,536.0,480.0,1081.3333333333335,558.1875,16.5,0.0,-0.8125
2023-2024,Croatia,Albania,,,draw,16.075,-6.399999999999999,-0.07,-1.0,678.9,1.2749999999999986,-12.25,-29.5,,,471.5,2.0,13.5,591.0,1.6299999999999955,591.0,-39.5,,43.0,-0.5,0.0,-11.5,-34.0,4.5,-5.0,40.0,-0.75,-4.75,1.5,13.0,2.5,1.5,,,0.0,0.1525000000000001,-2.0,-2.5,-0.015000000000000013,0.03,0.06499999999999989,-0.0925,-2.0,-0.04999999999999982,-1.0,-0.27,0.5,-0.5,-0.010000000000000009,0.26,2.5,-4.5,0.5,-0.32,0.26,0.0,0.0,0.0,0.20000000000000018,0.8,5.399999999999999,,42.5,53.0,22.720000000000006,630.4,15.0,232.10000000000002,213.8,-2.9749999999999943,1442.75,-0.5,0.5,0.12,-2.75,,,-3.0,,-6.25,-0.5,-22.0,-1.0,678.9,-17.75,-3.0,-2.5,-19.25,3235.5,-73.25,-19.25,-3.5,-20.5,-20.5,1354.9,552.3,-0.5,-15.75,0.3424999999999998,373.5,342.8,-5.719999999999999,,,,-1.5,0.5,-0.15999999999999992,-17.0,-6.5,-0.5999999999999996,5.375,-0.030000000000000027,,14.65,1.9500000000000002,-1.25,24.9,0.5,0.0,-2.25,6.800000000000001,-21.75,-20.75,12283.1,2097.0,-28.75,-40.75,757.9000000000001,-80.5,-6.0,274.0,-127.5,757.9000000000001,-583.5,,0.0,-7.0
2023-2024,Spain,Italy,,,Spain,-8.350000000000001,1.7952380952380977,0.1226249999999999,1.216071428571429,-890.0857142857144,0.27589285714285694,-6.714285714285715,-4.853571428571431,3.333333333333334,11.966666666666669,-506.840476190476,8.857142857142858,-13.638095238095232,-765.5714285714286,-3.636428571428567,-765.5714285714286,-2.137500000000003,-0.33333333333333304,42.333333333333286,0.9642857142857142,0.2857142857142857,-8.446428571428573,0.23214285714285765,-6.395238095238099,1.125,-39.6,-3.63214285714286,-3.4517857142857125,-2.333333333333333,39.0,0.4285714285714297,0.1428571428571428,2.0,-0.043333333333333224,2.317857142857143,0.1223392857142857,-0.14285714285714324,-1.4285714285714284,-0.02714285714285708,0.02571428571428569,0.001875000000000071,0.1448214285714285,1.7142857142857135,-2.583333333333333,0.2017857142857144,0.06285714285714283,0.8571428571428572,1.2857142857142858,0.06428571428571417,0.0028571428571427804,-5.166666666666667,-232.59523809523796,0.8571428571428572,0.5191428571428571,0.0028571428571427804,0.0,0.0,0.0,-2.59047619047619,0.3809523809523809,-13.635714285714288,3.333333333333333,262.6666666666667,71.66666666666666,1.6199358974358944,-894.2595238095237,-0.3333333333333357,-444.57142857142856,-407.74285714285713,0.17452380952377666,-755.0,-9.42857142857143,1.2857142857142856,-0.008214285714285785,-2.3125,-2.0,-1.3333333333333335,-0.8571428571428572,0.33333333333333326,-1.7160714285714285,0.8375,-0.23392857142857082,2.037500000000001,-890.0857142857144,-5.633928571428569,-0.8571428571428572,-1.4285714285714284,0.40714285714285836,4853.666666666666,-69.25892857142856,0.40714285714285836,-1.3125,-16.65357142857144,-16.65357142857144,-751.0809523809526,-732.7809523809524,0.1119047619047619,-5.5375000000000085,0.094035714285714,-313.1261904761906,-276.2857142857143,-0.21523809523810655,-11.766666666666666,29.15,-34.0,-0.4285714285714288,0.5714285714285714,-0.15714285714285747,-1.7142857142857224,1.4285714285714306,-2.7380952380952372,2.010535714285716,-0.027142857142857246,-33.66666666666667,-2.1642857142857146,5.6952380952380945,1.8250000000000002,8.00714285714286,1.0214285714285722,1.1428571428571423,-0.7946428571428577,-9.919047619047618,-6.839285714285715,-8.5,-838.9404761904734,-1921.9619047619044,-7.642857142857142,-14.169642857142861,-951.0023809523807,-47.8446428571429,18.714285714285694,103.33333333333337,-24.33333333333337,-950.9690476190478,-448.8303571428571,-1.0,0.0,-3.1875
2023-2024,Spain,Albania,,,Spain,10.524999999999999,-1.971428571428568,0.1706249999999999,2.616071428571429,93.61428571428553,-2.317857142857143,10.035714285714285,-12.05357142857143,11.333333333333334,37.66666666666667,199.3928571428571,17.142857142857142,-15.57142857142857,54.928571428571445,-2.7164285714285654,54.928571428571445,12.5625,4.166666666666667,125.33333333333329,1.2142857142857142,0.2857142857142857,-2.7321428571428577,-13.142857142857142,2.5714285714285694,8.767857142857142,0.3999999999999986,10.19642857142857,24.0625,1.1666666666666667,42.5,2.1428571428571432,1.1428571428571428,8.5,-0.7733333333333333,5.589285714285715,0.24062500000000012,-3.7142857142857144,-3.5714285714285716,-0.0485714285714286,-0.0014285714285715012,0.016874999999999973,0.32107142857142845,0.14285714285714235,-1.8166666666666664,-0.3839285714285714,0.06,2.0,1.8571428571428572,0.7142857142857142,0.6557142857142857,-2.166666666666667,-163.4285714285714,2.0,0.6521428571428571,0.6557142857142857,0.0,0.0,0.0,-1.8238095238095235,0.5142857142857142,-9.135714285714288,-0.16666666666666696,315.1666666666667,128.66666666666666,4.6257692307692295,63.00714285714287,15.666666666666664,-63.97142857142853,-67.8428571428571,0.926190476190456,943.75,-3.0,-0.14285714285714324,0.056071428571428494,1.25,0.0,1.1666666666666665,-3.857142857142857,0.8333333333333333,0.13392857142857117,0.9375,19.86607142857143,3.366071428571429,93.61428571428553,0.1785714285714306,-3.857142857142857,-3.5714285714285716,13.892857142857139,9578.166666666666,42.678571428571445,13.892857142857139,24.6875,47.51785714285714,47.51785714285714,1096.1857142857143,172.08571428571418,-0.3214285714285715,22.49107142857143,1.3258928571428568,155.60714285714278,140.51428571428573,0.501428571428562,0.7833333333333314,20.85,27.5,0.8571428571428568,0.8571428571428571,0.5071428571428571,-6.142857142857153,-4.142857142857142,-5.671428571428571,1.7562500000000014,0.05428571428571438,35.33333333333333,10.185714285714285,11.87857142857143,4.4375,10.00714285714286,4.178571428571429,1.8571428571428568,5.392857142857142,2.014285714285716,1.5357142857142847,-7.75,7505.659523809527,1468.5714285714284,-7.392857142857142,-2.607142857142861,130.36428571428564,111.74107142857139,13.571428571428555,639.3333333333334,455.66666666666663,130.36428571428564,109.35714285714289,15.5,0.0,-4.0
2023-2024,Croatia,Italy,,,draw,-2.8000000000000007,-2.633333333333333,-0.118,-2.4,-304.79999999999995,3.8687499999999986,-29.0,-22.3,,,-234.73333333333312,-6.285714285714285,15.433333333333337,-229.5,0.7099999999999937,-229.5,-54.2,,-40.0,-0.75,0.0,-17.214285714285715,-20.625,-4.466666666666669,-12.642857142857142,0.0,-14.57857142857143,-32.26428571428571,-2.0,9.5,0.7857142857142865,0.5,,,-3.2714285714285722,0.0342142857142857,1.5714285714285712,-0.35714285714285676,0.006428571428571506,0.05714285714285719,0.04999999999999999,-0.26875,-0.4285714285714288,-0.8166666666666664,-0.4142857142857142,-0.2671428571428572,-0.6428571428571428,-1.0714285714285714,-0.66,-0.3928571428571429,-0.5,-73.66666666666657,-0.6428571428571428,-0.45299999999999996,-0.3928571428571429,0.0,0.0,0.0,-0.5666666666666664,0.6666666666666667,0.8999999999999986,,-10.0,-4.0,19.71416666666667,-326.86666666666656,-1.0,-148.5,-126.10000000000002,-3.7266666666666737,-256.0,-6.928571428571431,1.9285714285714288,0.055714285714285716,-6.3125,,,0.0,,-8.1,-0.6,-42.1,-2.328571428571428,-304.79999999999995,-23.5625,0.0,-0.35714285714285676,-32.73571428571428,-1489.0,-185.1875,-32.73571428571428,-29.5,-84.67142857142858,-84.67142857142858,-492.3666666666668,-352.5666666666666,-0.0666666666666666,-43.77857142857144,-0.889357142857143,-95.23333333333335,-74.0,-6.436666666666667,,,,-2.7857142857142856,0.2142857142857143,-0.8242857142857145,-12.57142857142857,-0.928571428571427,2.333333333333334,5.6292857142857144,-0.11142857142857165,,2.3000000000000007,-4.233333333333334,-3.8625,22.9,-2.6571428571428566,-0.7142857142857143,-8.4375,-5.133333333333333,-30.125,-21.5,3938.5,-1293.5333333333328,-29.0,-52.3125,-323.46666666666624,-240.0857142857143,-0.8571428571428612,-262.0,-607.5,-323.4333333333334,-1141.6875,,0.0,-6.1875
2023-2024,Serbia,England,,,England,-4.800000000000001,2.8000000000000007,-0.0624999999999999,-3.916666666666666,99.85000000000002,6.333333333333336,-0.9166666666666643,45.70833333333333,,,40.14999999999998,-28.166666666666657,10.200000000000003,85.0,-1.9250000000000114,85.0,-35.125,,-325.0,-0.33333333333333304,-0.3333333333333333,-20.79166666666667,3.5,8.8,9.5,-33.3,12.041666666666671,18.625,-1.0,-165.0,-2.333333333333333,-0.6666666666666666,,,-8.416666666666668,-0.31499999999999995,-9.166666666666666,-1.5,-0.355,-0.05499999999999999,-0.04874999999999996,-0.09583333333333327,-13.0,2.1399999999999997,-0.3333333333333333,-0.1116666666666666,-2.5,-3.1666666666666665,-0.8533333333333334,-0.7416666666666667,2.75,196.2,-1.6666666666666667,-0.2208333333333333,-0.3316666666666666,-0.8333333333333334,-0.8333333333333334,-0.05,2.45,0.4,15.25,,-810.0,-339.0,-6.61999999999999,140.25,-5.0,150.0,139.25,-1.1500000000000057,-436.25,-4.333333333333336,-7.666666666666666,-0.2725,2.3333333333333335,,,-1.5,,26.833333333333332,-0.125,-9.958333333333329,-8.583333333333332,99.85000000000002,-0.5833333333333339,-1.5,-1.5,-12.458333333333329,-20702.0,-24.416666666666686,-12.458333333333329,-21.5,-106.375,-106.375,816.25,49.85000000000002,-0.15,22.0,0.6370833333333339,-59.39999999999998,-57.55000000000001,-2.416666666666657,,,,-3.333333333333334,-1.0,-1.0716666666666663,-26.33333333333333,-16.833333333333336,-0.8000000000000007,-10.016666666666673,-0.7033333333333333,,0.3500000000000014,10.933333333333334,-6.0,-44.75,5.625,2.0,-1.25,8.7,5.833333333333336,2.916666666666666,-8919.650000000001,831.9000000000001,2.0,10.25,176.79999999999995,-192.16666666666674,-124.66666666666666,-1025.0,-1016.0,176.79999999999995,16.0,,0.0,2.0
2023-2024,Slovenia,Denmark,,,draw,13.399999999999999,-1.0,0.0025000000000000022,-1.083333333333333,-595.0,-5.633333333333333,-7.833333333333336,-10.166666666666666,,,-383.79999999999995,6.666666666666666,62.400000000000006,-554.05,-5.674999999999997,-554.05,-17.75,,176.0,-1.0,-0.1666666666666666,17.25,-22.0,-2.4499999999999993,-5.916666666666668,43.775,-3.5833333333333286,-9.75,-1.0,27.5,-1.6666666666666665,0.0,,,2.166666666666666,0.18999999999999995,5.333333333333334,0.0,0.44333333333333336,0.10666666666666669,0.29666666666666675,0.7608333333333334,3.666666666666666,4.779999999999999,1.0833333333333335,0.04000000000000009,1.3333333333333335,2.0,0.006666666666666599,-0.033333333333333326,0.5,428.7,-0.6666666666666665,0.053333333333333344,-0.2733333333333333,2.0,2.0,0.0,5.2,-1.1,1.8000000000000007,,273.6,123.4,3.875,-477.20000000000005,8.0,-204.75,-192.85000000000002,7.019999999999996,1204.5,-14.333333333333336,5.333333333333334,0.5966666666666667,-1.083333333333334,,,-0.3333333333333333,,-4.416666666666667,-0.25,-7.833333333333329,2.583333333333334,-595.0,-4.25,-0.3333333333333333,0.0,-11.666666666666664,7268.5,-67.0,-11.666666666666664,-20.5,-1.6666666666666572,-1.6666666666666572,-878.6500000000001,-503.04999999999995,0.0,-14.25,-1.2875,-373.85,-358.85,3.1499999999999915,,,,-4.666666666666667,-1.0,0.7166666666666672,0.6666666666666643,1.6666666666666714,10.2,15.466666666666676,0.41666666666666674,,8.7,-4.25,-0.75,-104.95,1.333333333333334,-0.33333333333333326,-1.833333333333334,13.3,1.5833333333333357,-8.25,-1753.5,-1812.3999999999996,4.416666666666664,1.1666666666666714,-532.4000000000001,-33.83333333333337,-1.3333333333333286,458.20000000000005,880.0,-532.4000000000001,-380.66666666666674,,0.0,-0.16666666666666696
2023-2024,Denmark,England,,,draw,0.40000000000000213,-0.1999999999999993,0.005000000000000088,-2.833333333333333,455.85,0.06666666666666998,7.416666666666671,-30.125000000000007,,,289.94999999999993,-27.83333333333332,31.799999999999997,370.04999999999995,-3.8500000000000085,370.04999999999995,-16.375,,-324.0,-1.333333333333333,-0.1666666666666667,-20.04166666666667,15.5,16.25,-14.583333333333332,-43.775,-17.375,-37.625,0.0,-185.5,-0.6666666666666665,-0.6666666666666666,,,-8.583333333333334,-0.2649999999999999,-6.5,-2.5,-0.19833333333333336,0.04833333333333331,-0.11541666666666667,-0.11666666666666667,-8.666666666666666,-1.6400000000000006,0.5833333333333333,0.0883333333333333,1.1666666666666665,1.8333333333333335,-0.020000000000000018,-0.10833333333333339,2.25,-147.0,1.9999999999999998,0.3258333333333333,0.3016666666666667,-0.8333333333333334,-0.8333333333333334,-0.05,-1.75,0.5000000000000001,9.45,,-841.6,-366.4,-9.394999999999996,396.45000000000005,3.0,215.75,187.10000000000002,-6.570000000000007,37.25,-11.0,-4.0,-0.2291666666666667,0.9166666666666674,,,-2.1666666666666665,,-5.750000000000001,0.125,-38.125,-6.166666666666666,455.85,10.666666666666666,-2.1666666666666665,-2.5,-44.791666666666664,-18621.5,6.583333333333314,-44.791666666666664,-9.0,-97.70833333333334,-97.70833333333334,845.9000000000001,302.9,-0.15,-52.75,-0.7154166666666661,171.45000000000005,153.3,-5.216666666666654,,,,-3.666666666666667,-1.0,-1.1383333333333336,-35.99999999999999,-9.500000000000007,1.0,-0.8833333333333471,-0.26,,-5.849999999999998,0.18333333333333357,-5.25,59.2,-3.708333333333334,0.33333333333333326,1.083333333333334,11.399999999999999,9.75,6.166666666666666,-6875.6500000000015,1372.2999999999997,12.083333333333336,16.58333333333333,563.2,-392.33333333333337,-68.33333333333333,-908.2,-972.0,563.2,166.66666666666674,,0.0,1.166666666666667
2023-2024,Slovenia,Serbia,,,draw,18.6,-4.0,0.06999999999999999,0.0,-239.0,-11.899999999999999,0.5,-86.0,,,-134.0,7.0,84.0,-269.0,-7.599999999999994,-269.0,1.0,,177.0,-2.0,0.0,18.0,-10.0,5.0,-30.0,33.3,-33.0,-66.0,0.0,7.0,0.0,0.0,,,2.0,0.23999999999999996,8.0,-1.0,0.6,0.21,0.23000000000000004,0.74,8.0,0.9999999999999991,2.0,0.24,5.0,7.0,0.84,0.6,0.0,85.5,3.0,0.6,0.36,2.0,2.0,0.0,1.0,-1.0,-4.0,,242.0,96.0,1.0999999999999943,-221.0,16.0,-139.0,-145.0,1.5999999999999943,1678.0,-21.0,9.0,0.6399999999999999,-2.5,,,-1.0,,-37.0,0.0,-36.0,5.0,-239.0,7.0,-1.0,-1.0,-44.0,9349.0,-36.0,-44.0,-8.0,7.0,7.0,-849.0,-250.0,0.0,-89.0,-2.64,-143.0,-148.0,0.3499999999999943,,,,-5.0,-1.0,0.6499999999999999,-9.0,9.0,12.0,24.6,0.86,,2.5,-15.0,0.0,-1.0,-8.0,-2.0,0.5,16.0,5.5,-5.0,290.5,-1272.0,14.5,7.5,-146.0,-234.0,55.0,575.0,924.0,-146.0,-230.0,,0.0,-1.0
2023-2024,Serbia,Denmark,,,draw,-5.200000000000003,3.0,-0.06749999999999999,-1.083333333333333,-356.0,6.266666666666666,-8.333333333333336,75.83333333333333,,,-249.79999999999995,-0.3333333333333339,-21.599999999999994,-285.04999999999995,1.9249999999999972,-285.04999999999995,-18.75,,-1.0,1.0,-0.1666666666666666,-0.75,-12.0,-7.449999999999999,24.083333333333332,10.475000000000001,29.41666666666667,56.25,-1.0,20.5,-1.6666666666666665,0.0,,,0.16666666666666607,-0.05000000000000002,-2.666666666666666,1.0,-0.1566666666666666,-0.1033333333333333,0.06666666666666671,0.020833333333333398,-4.333333333333334,3.7800000000000002,-0.9166666666666666,-0.1999999999999999,-3.6666666666666665,-5.0,-0.8333333333333334,-0.6333333333333333,0.5,343.2,-3.6666666666666665,-0.5466666666666666,-0.6333333333333333,0.0,0.0,0.0,4.2,-0.10000000000000009,5.800000000000001,,31.599999999999994,27.400000000000006,2.7750000000000057,-256.20000000000005,-8.0,-65.75,-47.85000000000002,5.420000000000002,-473.5,6.666666666666664,-3.666666666666666,-0.04333333333333331,1.416666666666666,,,0.6666666666666667,,32.583333333333336,-0.25,28.16666666666667,-2.416666666666666,-356.0,-11.25,0.6666666666666667,1.0,32.333333333333336,-2080.5,-31.0,32.333333333333336,-12.5,-8.666666666666657,-8.666666666666657,-29.65000000000009,-253.04999999999995,0.0,74.75,1.3525,-230.85000000000002,-210.85000000000002,2.799999999999997,,,,0.33333333333333304,0.0,0.06666666666666732,9.666666666666664,-7.333333333333329,-1.8000000000000007,-9.133333333333326,-0.44333333333333325,,6.199999999999999,10.75,-0.75,-103.95,9.333333333333334,1.6666666666666667,-2.333333333333334,-2.6999999999999993,-3.9166666666666643,-3.25,-2044.0,-540.3999999999996,-10.083333333333336,-6.333333333333329,-386.4000000000001,200.16666666666663,-56.33333333333333,-116.79999999999995,-44.0,-386.4000000000001,-150.66666666666674,,0.0,0.833333333333333
2023-2024,England,Slovenia,,,draw,-13.8,1.1999999999999993,-0.00750000000000009,3.916666666666666,139.14999999999998,5.566666666666663,0.4166666666666643,40.29166666666667,0.0,0.0,93.85000000000002,21.166666666666657,-94.2,184.0,9.525000000000006,184.0,34.125,5.0,148.0,2.333333333333333,0.3333333333333333,2.7916666666666714,6.5,-13.8,20.5,0.0,20.95833333333333,47.375,1.0,158.0,2.333333333333333,0.6666666666666666,8.0,0.2100000000000002,6.416666666666668,0.07499999999999996,1.166666666666666,2.5,-0.245,-0.155,-0.18125000000000008,-0.6441666666666667,5.0,-3.139999999999999,-1.6666666666666667,-0.1283333333333334,-2.5,-3.8333333333333335,0.01333333333333342,0.14166666666666672,-2.75,-281.7,-1.3333333333333333,-0.37916666666666665,-0.028333333333333377,-1.1666666666666665,-1.1666666666666665,0.05,-3.45,0.6,-11.25,6.0,568.0,243.0,5.519999999999996,80.75,-11.0,-11.0,5.75,-0.44999999999998863,-1241.75,25.333333333333336,-1.333333333333334,-0.36749999999999994,0.16666666666666652,7.0,6.0,2.5,0.0,10.166666666666668,0.125,45.95833333333333,3.583333333333332,139.14999999999998,-6.416666666666666,2.5,2.5,56.45833333333333,11353.0,60.416666666666686,56.45833333333333,29.5,99.375,99.375,32.75,200.14999999999998,0.15,67.0,2.0029166666666662,202.39999999999998,205.55,2.066666666666663,3.1000000000000085,0.0,16.0,8.333333333333334,2.0,0.4216666666666664,35.33333333333333,7.833333333333336,-11.2,-14.583333333333329,-0.15666666666666673,21.0,-2.8500000000000014,4.066666666666666,6.0,45.75,2.375,0.0,0.75,-24.7,-11.333333333333336,2.083333333333334,8629.150000000001,440.0999999999999,-16.5,-17.75,-30.799999999999955,426.16666666666674,69.66666666666666,450.0,92.0,-30.799999999999955,214.0,-11.0,0.0,-1.0
2023-2024,Poland,Netherlands,,,Netherlands,-21.96666666666667,-1.2615384615384606,-0.1949999999999999,0.16666666666666607,-1117.974358974359,2.885714285714286,-14.595238095238091,-31.940476190476197,,,-744.7564102564102,-4.25,-3.261538461538457,-1003.502564102564,-6.45461538461538,-1003.502564102564,-30.25,,-212.8,-1.2857142857142858,-0.2857142857142857,-6.708333333333336,-3.2857142857142847,-9.225641025641025,-9.875,-37.5,-4.083333333333336,-18.45833333333333,-1.0,-53.66666666666667,0.0,-0.25,,,-1.0,-0.01708333333333334,0.5,1.5,0.007500000000000007,-0.024999999999999994,0.0008333333333334081,-0.2933333333333333,1.5,0.1182051282051284,1.3333333333333335,0.295,1.0,2.5,0.3675000000000001,0.07750000000000007,-1.5,13.592307692307656,0.5,0.043749999999999956,0.01750000000000007,0.0,0.5,0.0,0.043589743589743435,0.03076923076923077,-20.50512820512821,,-439.4,-192.3333333333333,-1.3702197802197702,-1065.1102564102564,-13.166666666666664,-515.7230769230769,-481.7948717948718,-10.638717948717954,-1975.25,3.75,-1.0,-0.016249999999999987,-2.428571428571429,,,0.75,,-11.190476190476192,-0.5,-44.27380952380952,-0.5416666666666661,-1117.974358974359,-13.476190476190474,0.75,1.5,-17.125,-11718.066666666666,-125.42857142857144,-17.125,-31.5,-38.625,-38.625,-1858.6538461538462,-912.5307692307692,0.023076923076923106,-23.708333333333343,-1.2266666666666666,-478.32820512820507,-436.92564102564097,-8.521794871794881,,,,3.75,0.75,0.38500000000000023,3.25,-0.25,2.3846153846153832,-4.141666666666666,0.040000000000000036,,-11.851282051282052,-1.6967032967032978,-8.357142857142858,-15.782051282051277,-3.541666666666666,-0.75,-5.119047619047619,-9.920512820512817,-14.57142857142857,-12.42857142857143,-12321.248717948718,-3514.494871794872,-15.5,-27.35714285714286,-1238.730769230769,-96.0,-22.25,-806.8,-912.9333333333334,-1238.692307692308,-563.2380952380952,,0.0,1.833333333333334
2023-2024,Austria,France,,,France,-2.474999999999998,0.6875,-0.057916666666666616,-4.041666666666666,-316.0625,2.9833333333333343,2.6666666666666643,-10.437499999999995,,,-327.4375,-34.25,-5.375,-334.625,-3.78125,-334.625,-6.75,,-70.0,-1.3333333333333335,0.0,-7.458333333333336,-4.666666666666668,2.25,-23.54166666666667,-36.1,-21.20833333333333,-47.375,-1.0,4.5,-3.5,-2.0,,,-8.583333333333332,-0.4172916666666666,-10.0,-2.5,0.13000000000000012,0.145,0.029583333333333406,0.06166666666666659,-14.25,2.025,-0.16666666666666657,-0.2625,1.0,0.75,-0.49249999999999994,-0.23249999999999993,3.0,182.375,1.25,-0.11166666666666661,0.030000000000000027,0.25,-0.25,0.0,2.125,0.8125,-0.625,,-270.625,-156.0,-2.9354166666666686,-338.6875,0.5,-131.0625,-136.4375,-7.018749999999997,-222.0,-36.5,-7.5,0.010000000000000009,-2.5,,,-3.25,,-0.625,0.3125,-14.5,-6.8125,-316.0625,5.25,-3.25,-2.5,-51.20833333333334,-9066.0,2.5000000000000284,-51.20833333333334,-14.1875,-122.66666666666663,-122.66666666666663,-927.5625,-355.625,-0.125,-37.45833333333334,-1.1833333333333331,-181.625,-183.8125,-5.193749999999994,,,,-3.0,-0.5,-0.1200000000000001,-34.75,-15.0,-1.125,-2.2166666666666686,0.032500000000000195,,-8.375,-1.875,-3.104166666666668,13.8125,-5.229166666666666,-1.5,0.08333333333333304,-2.0625,-3.999999999999993,-4.083333333333336,-9958.625,-1541.25,6.833333333333336,-2.5,-328.4375,-298.45833333333326,-97.25,-700.0,-827.5,-328.3125,-45.666666666666856,,0.0,-2.416666666666667
2023-2024,Poland,Austria,,,Austria,-15.700000000000001,-1.6750000000000007,-0.15125,2.25,-852.875,-1.4750000000000014,-10.083333333333329,-8.395833333333334,,,-601.3125,9.5,-8.674999999999997,-753.9625,-5.469999999999999,-753.9625,-32.25,,-42.8,-0.3333333333333333,0.0,2.375,0.0,-9.8875,2.625,-13.899999999999999,4.5,5.125,-1.0,-23.5,3.0,1.0,,,4.25,0.25687499999999996,7.0,2.0,-0.22000000000000008,-0.15499999999999997,-0.06,-0.2299999999999999,9.5,-0.6849999999999996,1.375,0.295,0.5,2.0,0.365,0.07499999999999996,-4.0,-58.97500000000002,0.0,0.34875,0.014999999999999958,0.0,0.5,0.0,-0.8250000000000002,-0.5125,-18.8625,,-45.775000000000006,-31.0,6.457916666666669,-779.3875,-12.5,-394.675,-370.4375,-5.052499999999995,-1415.5,39.0,5.0,0.012500000000000011,0.0,,,2.0,,-0.875,-0.3125,-18.33333333333333,2.8125,-852.875,-13.583333333333336,2.0,2.0,5.625,-3565.3999999999996,-77.08333333333334,5.625,-28.5625,38.625,38.625,-1968.75,-654.05,-0.024999999999999994,5.125,-0.07250000000000023,-348.825,-321.7125,-3.3625000000000114,,,,5.0,0.5,0.2200000000000002,24.5,11.0,0.625,1.0874999999999986,0.004999999999999893,,-4.550000000000001,-0.5666666666666664,-4.729166666666666,-24.6875,0.5625,0.0,-2.583333333333333,-12.725,-15.833333333333336,-9.416666666666664,-6104.424999999999,-3488.6375,-18.75,-28.5,-955.8125,90.25,54.5,-188.8,-35.099999999999994,-955.8125,-460.0,,0.0,2.416666666666667
2023-2024,Netherlands,France,,,draw,3.791666666666668,0.2740384615384599,-0.014166666666666716,-1.9583333333333321,-50.96314102564111,-1.3773809523809533,7.178571428571427,13.107142857142868,-4.666666666666667,-16.3,-183.99358974358984,-20.5,-10.78846153846154,-85.08493589743603,-2.796634615384619,-85.08493589743603,-8.75,3.666666666666666,100.0,-0.38095238095238093,0.2857142857142857,1.625,-1.3809523809523832,1.5881410256410255,-11.041666666666671,-12.5,-12.624999999999993,-23.79166666666667,-1.0,34.66666666666667,-0.5,-0.75,11.666666666666657,0.3733333333333333,-3.333333333333332,-0.1433333333333333,-3.5,-2.0,-0.09749999999999998,0.015000000000000013,-0.03125,0.12499999999999997,-6.25,1.221794871794872,-0.12499999999999997,-0.2625,0.5,0.25,-0.49500000000000005,-0.23500000000000004,0.5,109.80769230769232,0.75,0.1933333333333334,0.027499999999999913,0.25,-0.25,0.0,1.2564102564102564,0.2692307692307692,1.017628205128208,5.666666666666666,123.0,5.333333333333286,4.892719780219771,-52.96474358974365,1.1666666666666643,-10.014423076923094,-25.080128205128176,-1.4325320512820383,337.75,-1.25,-1.5,0.03875000000000001,-0.07142857142857117,-3.666666666666667,-3.3333333333333335,-2.0,0.3333333333333333,9.690476190476192,0.5,11.44047619047619,-3.458333333333334,-50.96314102564111,5.142857142857139,-2.0,-2.0,-28.458333333333343,-913.3333333333339,50.84523809523813,-28.458333333333343,-11.25,-45.41666666666663,-45.41666666666663,-1037.6586538461538,-97.14423076923072,-0.1730769230769231,-8.625,-0.029166666666666785,-52.12179487179492,-68.599358974359,-0.0344551282051242,-7.666666666666671,5.566666666666666,5.333333333333314,-1.75,-0.75,-0.28500000000000014,-13.5,-3.75,-2.8846153846153832,3.0124999999999957,-0.0024999999999999467,17.333333333333343,-1.073717948717949,-0.7449633699633686,0.5238095238095237,4.9070512820512775,-1.125,-0.75,2.6190476190476186,-4.866987179487182,-5.261904761904759,-1.0714285714285694,-3741.8012820512813,-1515.392628205128,3.5833333333333357,-3.642857142857139,-45.519230769230944,-112.20833333333326,-20.5,-82.0,50.33333333333337,-45.43269230769192,57.57142857142833,-9.0,0.0,-1.833333333333334
2023-2024,Netherlands,Austria,,,Austria,6.266666666666666,-0.4134615384615401,0.0437499999999999,2.083333333333334,265.0993589743589,-4.3607142857142875,4.511904761904763,23.54464285714286,,,143.44391025641016,13.75,-5.41346153846154,249.54006410256397,0.9846153846153811,249.54006410256397,-2.0,,170.0,0.9523809523809526,0.2857142857142857,9.083333333333336,3.2857142857142847,-0.6618589743589745,12.5,23.6,8.583333333333336,23.58333333333333,0.0,30.16666666666667,3.0,1.25,,,5.25,0.2739583333333333,6.5,0.5,-0.2275000000000001,-0.12999999999999998,-0.060833333333333406,0.06333333333333338,8.0,-0.803205128205128,0.0416666666666666,0.0,-0.5,-0.5,-0.0025000000000001132,-0.0025000000000001132,-2.5,-72.56730769230768,-0.5,0.30500000000000005,-0.0025000000000001132,0.0,0.0,0.0,-0.8685897435897436,-0.5432692307692308,1.642628205128208,,393.625,161.3333333333333,7.82813644688644,285.72275641025635,0.6666666666666643,121.0480769230769,111.35737179487182,5.586217948717959,559.75,35.25,6.0,0.028749999999999998,2.428571428571429,,,1.25,,10.315476190476192,0.1875,25.94047619047619,3.354166666666666,265.0993589743589,-0.1071428571428612,1.25,0.5,22.75,8152.666666666666,48.3452380952381,22.75,2.9375,77.25,77.25,-110.09615384615381,258.4807692307693,-0.0480769230769231,28.833333333333343,1.1541666666666663,129.50320512820508,115.213141025641,5.15929487179487,,,,1.25,-0.25,-0.16500000000000004,21.25,11.25,-1.7596153846153832,5.229166666666664,-0.03500000000000014,,7.301282051282051,1.1300366300366314,3.6279761904761916,-8.905448717948723,4.104166666666666,0.75,2.5357142857142856,-2.8044871794871824,-1.2619047619047663,3.0119047619047663,6216.823717948719,25.85737179487205,-3.25,-1.1428571428571388,282.91826923076906,186.25,76.75,618.0,877.8333333333334,282.8798076923081,103.23809523809518,,0.0,0.583333333333333
2023-2024,France,Poland,,,draw,18.174999999999997,0.9875000000000007,0.2091666666666666,1.791666666666666,1168.9375,-1.5083333333333329,7.416666666666664,18.83333333333333,,,928.75,24.75,14.049999999999997,1088.5875,9.251249999999999,1088.5875,39.0,,112.8,1.6666666666666667,0.0,5.083333333333336,4.666666666666668,7.637499999999999,20.91666666666667,50.0,16.70833333333333,42.25,2.0,19.0,0.5,1.0,,,4.333333333333332,0.16041666666666665,3.0,0.5,0.08999999999999997,0.009999999999999981,0.030416666666666592,0.1683333333333333,4.75,-1.3400000000000003,-1.2083333333333335,-0.03249999999999997,-1.5,-2.75,0.12749999999999995,0.15749999999999997,1.0,-123.39999999999998,-1.25,-0.23708333333333337,-0.044999999999999984,-0.25,-0.25,0.0,-1.2999999999999998,-0.3,19.4875,,316.4,187.0,-3.522500000000001,1118.075,12.0,525.7375,506.875,12.071249999999992,1637.5,-2.5,2.5,-0.02250000000000002,2.5,,,1.25,,1.5,0.0,32.83333333333333,4.0,1168.9375,8.333333333333336,1.25,0.5,45.58333333333334,12631.4,74.58333333333331,45.58333333333334,42.75,84.04166666666663,84.04166666666663,2896.3125,1009.675,0.15,32.33333333333334,1.2558333333333334,530.45,505.525,8.556250000000006,,,,-2.0,0.0,-0.10000000000000009,10.25,4.0,0.5,1.12916666666667,-0.03750000000000009,,12.925,2.4416666666666664,7.833333333333334,10.875,4.666666666666666,1.5,2.5,14.7875,19.83333333333333,13.5,16063.05,5029.8875,11.916666666666664,31.0,1284.25,208.20833333333326,42.75,888.8,862.6,1284.125,505.66666666666686,,0.0,0.0
2023-2024,Romania,Ukraine,,,Romania,-14.0,0.75,-0.2,-3.166666666666666,-825.0,-13.100000000000001,1.0,16.0,,,-555.5,-11.333333333333329,-53.5,-685.5,2.0249999999999915,-685.5,-26.0,,-62.0,1.0,0.0,-17.5,-17.0,-16.75,-7.166666666666664,-7.200000000000003,-12.0,-19.5,-1.0,-2.0,-1.0,-0.6666666666666666,,,-9.333333333333334,-0.3516666666666666,-10.666666666666666,-2.333333333333333,-0.47,-0.1766666666666666,-0.4683333333333334,-0.29,-12.0,0.875,-0.1666666666666663,-0.020000000000000018,0.33333333333333326,0.0,0.24,0.25999999999999995,3.0,78.5,0.6666666666666667,0.32833333333333325,0.31666666666666665,-0.3333333333333333,-0.3333333333333333,0.0,0.875,-0.25,-22.25,,-111.0,-69.0,10.962499999999999,-771.75,-9.0,-390.5,-350.25,-7.025000000000006,-1260.0,-29.333333333333336,-8.333333333333334,-0.3699999999999999,-5.0,,,-1.6666666666666665,,8.5,-2.0,-11.5,-6.5,-825.0,-11.0,-1.6666666666666665,-2.333333333333333,-35.83333333333333,-6631.0,-64.0,-35.83333333333333,-34.0,-105.5,-105.5,-1230.75,-592.5,0.0,-9.833333333333329,2.685,-270.0,-249.0,-10.625,,,,-0.33333333333333304,-1.3333333333333333,0.766666666666667,-17.333333333333336,-11.0,-11.0,-8.100000000000005,-0.036666666666666625,,-13.125,-1.625,-1.0,-30.75,-0.8333333333333335,-1.3333333333333333,-5.0,-17.5,-16.0,-6.0,-10970.0,-2377.0,-18.0,-23.0,-961.5,-215.5,-74.0,-589.0,-591.0,-961.5,-346.0,,0.0,-6.0
2023-2024,Belgium,Slovakia,,,Slovakia,-1.6000000000000014,-3.9499999999999993,0.04899999999999999,1.9666666666666668,-333.6,-4.175000000000001,-7.333333333333334,-5.4,-2.5,-11.549999999999999,-369.29999999999995,36.5,-13.600000000000001,-394.70000000000005,-9.290000000000006,-394.70000000000005,7.399999999999999,1.0,-34.5,-1.5,-0.16666666666666669,8.233333333333334,-18.0,-2.8000000000000007,14.5,0.6099999999999994,13.166666666666671,30.366666666666674,2.0,7.5,-1.166666666666667,-0.16666666666666669,-9.0,-0.2749999999999999,6.466666666666669,0.2703333333333334,14.333333333333332,0.16666666666666663,0.4666666666666667,0.1383333333333333,0.257,0.0916666666666666,17.666666666666668,-6.41,0.1,-0.195,-1.1666666666666667,-2.6666666666666665,0.0566666666666667,0.2516666666666667,-8.0,-577.95,-0.6666666666666667,0.29133333333333333,0.3216666666666667,-0.5,-0.5,0.0,-6.3,-0.5,1.6999999999999993,0.5,136.5,78.0,-15.711666666666673,-398.6,-2.5,-295.5,-312.7,-5.739999999999995,-140.0,17.666666666666657,14.166666666666666,0.3716666666666666,-1.666666666666667,-2.5,-3.0,0.8333333333333333,-1.0,-6.233333333333333,-0.3,-10.75,5.2666666666666675,-333.6,-11.833333333333332,0.8333333333333333,0.16666666666666663,51.83333333333334,3466.5,-99.33333333333334,51.83333333333334,10.700000000000003,148.1,148.1,-223.0,-302.29999999999995,0.0,34.16666666666666,1.273333333333333,-57.80000000000001,-64.69999999999999,-0.644999999999996,-8.199999999999996,-20.0,-30.0,5.0,0.16666666666666663,1.2866666666666668,52.166666666666686,28.833333333333336,-7.1,16.40666666666667,0.8600000000000001,-42.0,-1.5,-5.266666666666667,0.6166666666666671,78.8,4.666666666666667,1.3333333333333333,-5.5,-9.5,-26.5,-22.666666666666664,-2791.2999999999993,-1284.4,-18.833333333333336,-35.66666666666667,-339.5999999999999,264.73333333333335,142.5,-2.5,-40.0,-339.5999999999999,-931.0,-3.0,0.0,-5.5
2023-2024,Romania,Slovakia,,,draw,-15.100000000000001,-6.75,-0.02500000000000001,-1.0,-972.0,-8.7,-2.5,11.25,,,-850.5,0.5,-52.0,-937.5,-11.350000000000009,-937.5,-8.0,,-135.0,-1.0,-0.5,-12.5,-21.5,-9.0,-7.0,-9.250000000000007,-13.0,-19.5,-1.0,-22.0,-3.5,-0.5,,,-3.5,-0.09499999999999999,-2.0,-0.5,-0.09,-0.035,-0.15,-0.105,-3.0,-2.5,1.0,0.09499999999999997,0.5,0.0,0.47,0.37499999999999994,-4.0,-225.75,1.0,0.77,0.44499999999999995,-0.5,-0.5,0.0,-2.5,0.5,-17.5,,-167.0,-78.0,-10.075000000000003,-988.0,-11.0,-608.5,-593.5,-12.575000000000003,-1355.0,-30.0,-1.5,-0.07,-5.0,,,0.5,,4.75,-0.5,-21.25,-2.0,-972.0,-16.5,0.5,-0.5,-12.0,-5698.0,-133.5,-12.0,-13.5,-14.5,-14.5,-1433.0,-781.5,0.0,-1.0,3.1,-264.0,-258.5,-10.274999999999991,,,,-1.0,-0.5,1.0000000000000002,-14.5,-2.5,-15.5,6.100000000000001,0.41000000000000003,,-12.25,-4.75,-0.75,49.0,0.0,0.0,-9.0,-17.5,-35.0,-27.5,-13106.5,-3546.0,-25.5,-48.0,-1068.0,-83.0,-9.5,-581.0,-582.0,-1068.0,-1121.0,,0.0,-8.0
2023-2024,Belgium,Ukraine,,,draw,-0.5,3.5500000000000007,-0.126,-0.1999999999999993,-186.60000000000002,-8.575000000000003,-3.833333333333334,-0.6500000000000004,-7.5,-36.45,-74.29999999999995,24.66666666666667,-15.100000000000001,-142.70000000000005,4.084999999999994,-142.70000000000005,-10.600000000000001,0.0,38.5,0.5,0.3333333333333333,3.2333333333333343,-13.5,-10.55,14.333333333333336,2.6600000000000037,14.166666666666671,30.366666666666674,2.0,27.5,1.333333333333333,-0.3333333333333333,16.0,0.815,0.6333333333333346,0.013666666666666771,5.666666666666666,-1.6666666666666665,0.08666666666666667,-0.0033333333333332993,-0.061333333333333406,-0.09333333333333338,8.666666666666668,-3.035,-1.0666666666666662,-0.31,-1.3333333333333335,-2.6666666666666665,-0.17333333333333328,0.13666666666666671,-1.0,-273.7,-1.0,-0.15033333333333343,0.1933333333333334,-0.3333333333333333,-0.3333333333333333,0.0,-2.925,-1.25,-3.0500000000000007,9.5,192.5,87.0,5.325833333333328,-182.35000000000002,-0.5,-77.5,-69.44999999999999,-0.18999999999999773,-45.0,18.33333333333332,7.333333333333332,0.07166666666666671,-1.666666666666667,0.5,1.0,-1.3333333333333333,0.0,-2.4833333333333334,-1.8,-1.0,0.7666666666666675,-186.60000000000002,-6.333333333333333,-1.3333333333333333,-1.6666666666666665,28.000000000000014,2533.5,-29.833333333333343,28.000000000000014,-9.799999999999997,57.099999999999994,57.099999999999994,-20.75,-113.29999999999995,0.0,25.33333333333333,0.858333333333333,-63.80000000000001,-55.19999999999999,-0.9950000000000045,-12.800000000000004,0.0,9.0,5.666666666666667,-0.6666666666666666,1.0533333333333337,49.33333333333335,20.333333333333336,-2.5999999999999996,2.2066666666666634,0.41333333333333344,23.0,-2.375,-2.1416666666666666,0.36666666666666714,-0.9500000000000028,3.8333333333333335,0.0,-1.5,-9.5,-7.5,-1.166666666666666,-654.7999999999993,-115.40000000000009,-11.333333333333334,-10.666666666666671,-233.0999999999999,132.23333333333335,78.0,-10.5,-49.0,-233.0999999999999,-156.0,-10.0,0.0,-3.5
2023-2024,Belgium,Romania,,,Belgium,13.5,2.8000000000000007,0.074,2.966666666666667,638.4,4.524999999999999,-4.833333333333334,-16.65,,,481.20000000000005,36.0,38.4,542.8,2.0600000000000023,542.8,15.399999999999999,,100.5,-0.5,0.3333333333333333,20.733333333333334,3.5,6.199999999999999,21.5,9.860000000000007,26.16666666666667,49.866666666666674,3.0,29.5,2.333333333333333,0.3333333333333333,,,9.966666666666669,0.3653333333333334,16.333333333333332,0.6666666666666666,0.5566666666666666,0.1733333333333333,0.407,0.1966666666666666,20.666666666666668,-3.91,-0.9,-0.29,-1.6666666666666667,-2.6666666666666665,-0.4133333333333333,-0.12333333333333324,-4.0,-352.2,-1.6666666666666667,-0.4786666666666667,-0.12333333333333324,0.0,0.0,0.0,-3.8,-1.0,19.2,,303.5,156.0,-5.63666666666667,589.4,8.5,313.0,280.8,6.835000000000008,1215.0,47.66666666666666,15.666666666666666,0.4416666666666666,3.333333333333333,,,0.33333333333333326,,-10.983333333333334,0.2,10.5,7.2666666666666675,638.4,4.666666666666667,0.33333333333333326,0.6666666666666666,63.83333333333334,9164.5,34.16666666666666,63.83333333333334,24.200000000000003,162.6,162.6,1210.0,479.20000000000005,0.0,35.16666666666666,-1.826666666666667,206.2,193.8,9.629999999999995,,,,6.0,0.6666666666666666,0.2866666666666666,66.66666666666669,31.333333333333336,8.4,10.306666666666668,0.45000000000000007,,10.75,-0.5166666666666666,1.3666666666666671,29.799999999999997,4.666666666666667,1.3333333333333333,3.5,8.0,8.5,4.833333333333334,10315.2,2261.6,6.666666666666666,12.333333333333329,728.4000000000001,347.73333333333335,152.0,578.5,542.0,728.4000000000001,190.0,,0.0,2.5
2023-2024,Slovakia,Ukraine,,,Ukraine,1.1000000000000014,7.5,-0.175,-2.166666666666666,147.0,-4.400000000000002,3.5,4.75,-5.0,-24.900000000000002,295.0,-11.833333333333329,-1.5,252.0,13.375,252.0,-18.0,-1.0,73.0,2.0,0.5,-5.0,4.5,-7.75,-0.1666666666666643,2.0500000000000043,1.0,0.0,0.0,20.0,2.5,-0.16666666666666663,25.0,1.0899999999999999,-5.833333333333334,-0.2566666666666666,-8.666666666666666,-1.833333333333333,-0.38,-0.1416666666666666,-0.31833333333333336,-0.185,-9.0,3.375,-1.1666666666666663,-0.11499999999999999,-0.16666666666666674,0.0,-0.22999999999999998,-0.11499999999999999,7.0,304.25,-0.33333333333333326,-0.44166666666666676,-0.1283333333333333,0.16666666666666669,0.16666666666666669,0.0,3.375,-0.75,-4.75,9.0,56.0,9.0,21.0375,216.25,2.0,218.0,243.25,5.549999999999997,95.0,0.6666666666666643,-6.833333333333334,-0.2999999999999999,0.0,3.0,4.0,-2.1666666666666665,1.0,3.75,-1.5,9.75,-4.5,147.0,5.5,-2.1666666666666665,-1.833333333333333,-23.83333333333333,-933.0,69.5,-23.83333333333333,-20.5,-91.0,-91.0,202.25,189.0,0.0,-8.833333333333329,-0.41500000000000004,-6.0,9.5,-0.3500000000000085,-4.6000000000000085,20.0,39.0,0.666666666666667,-0.8333333333333333,-0.23333333333333317,-2.8333333333333357,-8.5,4.5,-14.200000000000006,-0.44666666666666666,65.0,-0.875,3.125,-0.25,-79.75,-0.8333333333333335,-1.3333333333333333,4.0,0.0,19.0,21.5,2136.5,1169.0,7.5,25.0,106.5,-132.5,-64.5,-8.0,-9.0,106.5,775.0,-7.0,0.0,2.0
2023-2024,Turkey,Georgia,,,Turkey,-7.9999999999999964,2.666666666666668,0.07000000000000003,-4.0,666.0,2.4499999999999993,-11.0,-24.5,,,433.66666666666663,-49.0,49.66666666666667,550.6666666666666,-3.933333333333337,550.6666666666666,-58.5,,-33.83333333333334,-2.0,-0.5,-29.0,-16.0,13.0,-65.0,8.100000000000001,-66.5,-142.5,1.0,3.333333333333332,-8.5,-1.5,,,-9.5,0.17999999999999994,-8.0,-1.5,0.475,0.10999999999999999,0.2950000000000001,-0.72,-12.0,1.7999999999999994,0.5,0.275,-2.0,-1.5,-3.8850000000000002,-4.16,3.0,162.3333333333333,-1.5,-3.0949999999999998,-3.37,-0.5,-0.5,0.0,2.0,1.0,21.0,,13.166666666666686,-1.1666666666666643,-15.533333333333346,625.0,-4.333333333333332,307.0,278.0,-1.5333333333333314,-725.0,-40.0,-6.5,0.55,-4.0,,,-1.5,,-8.0,0.0,-45.25,-4.0,666.0,1.5,-1.5,-1.5,-108.0,2366.666666666667,-39.0,-108.0,-67.5,-154.0,-154.0,1217.3333333333333,505.66666666666663,0.3333333333333333,-91.5,-0.2549999999999999,258.6666666666667,228.66666666666669,-7.000000000000014,,,,-7.5,-0.5,1.4250000000000003,-72.5,-27.5,6.0,-2.000000000000007,0.45499999999999985,,15.333333333333332,4.333333333333334,-3.0,23.666666666666668,-17.5,-3.0,-6.0,17.33333333333333,-4.0,-6.0,9744.0,2102.0,2.5,-10.0,801.0,-515.5,-113.5,293.0,76.33333333333331,801.0,-166.5,,0.0,-2.5
2023-2024,Portugal,Czechia,,,Portugal,21.6,7.166666666666664,-0.28375,3.25,1557.5833333333337,5.749999999999998,24.0,25.875,,,1082.3333333333337,30.5,66.66666666666667,1325.5,0.86666666666666,1325.5,81.75,,254.5,2.0,0.0,14.875,45.5,23.833333333333336,23.625,54.45,23.25,52.5,3.0,60.0,4.0,1.5,,,10.125,0.07625000000000004,6.75,0.25,-0.03500000000000014,0.0424999999999999,0.03875000000000001,-0.87,8.75,1.2666666666666666,2.125,-0.135,1.75,2.5,0.5025,0.20500000000000002,0.5,113.58333333333337,1.75,0.3712499999999999,0.20500000000000002,0.25,0.0,0.0,1.333333333333333,0.1666666666666666,22.166666666666664,,388.0,144.0,23.450000000000003,1399.5833333333337,7.0,611.25,534.5,4.666666666666686,1946.0,34.5,6.5,-0.1800000000000001,4.0,,,0.25,,9.375,0.625,39.5,5.75,1557.5833333333337,31.0,0.25,0.25,66.5,9838.0,89.0,66.5,44.0,128.625,128.625,3373.25,1241.6666666666663,0.3333333333333333,71.25,0.17500000000000027,745.6666666666667,686.0833333333333,4.441666666666677,,,,1.0,0.5,-1.3674999999999997,37.0,14.0,14.0,-1.625,-0.645,,26.75,14.083333333333332,6.625,125.75,5.25,3.5,7.0,26.583333333333336,51.0,33.5,20109.75,5920.583333333334,37.25,93.5,1784.75,469.0,88.75,890.5,823.5,1784.75,759.0,,0.0,9.0
2023-2024,Georgia,Czechia,,,draw,20.45,-1.0,-0.22,3.0,144.0,5.35,14.0,26.5,,,114.0,46.5,15.0,127.0,3.5,127.0,64.0,,76.0,2.0,0.5,26.5,18.0,3.0,67.0,-1.1499999999999986,69.0,148.0,0.0,13.0,9.0,1.5,,,9.5,-0.050000000000000044,9.5,1.5,-0.07500000000000007,0.010000000000000009,0.014999999999999902,-0.30000000000000004,12.5,-1.0,0.0,-0.5,2.0,1.5,4.025,4.090000000000001,-1.0,-90.0,1.5,3.3,3.3,0.5,0.5,0.0,-1.0,0.0,0.0,,90.0,50.5,32.400000000000006,141.0,5.5,71.0,65.0,2.200000000000003,1842.5,38.5,8.0,-0.15000000000000008,4.0,,,1.5,,9.0,0.0,45.5,3.0,144.0,9.0,1.5,1.5,106.0,1659.0,54.5,106.0,66.0,150.0,150.0,231.0,114.0,0.0,90.0,0.2250000000000001,44.0,43.0,5.5,,,,7.0,1.0,-1.025,72.0,26.5,5.0,-1.0499999999999972,-0.5549999999999999,,2.0,1.0,3.5,2.0,17.0,3.5,4.5,3.0,9.5,7.0,2546.0,608.0,9.0,16.0,184.0,513.5,105.0,115.0,20.0,184.0,398.0,,0.0,3.5
2023-2024,Turkey,Portugal,,,Portugal,-9.149999999999999,-5.4999999999999964,0.13375000000000004,-4.25,-747.5833333333337,2.0500000000000007,-21.0,-23.875,,,-534.6666666666671,-33.0,-2.0,-647.8333333333334,-1.2999999999999972,-647.8333333333334,-76.25,,-212.33333333333334,-2.0,0.0,-17.375,-43.5,-7.833333333333336,-21.625,-47.5,-20.75,-47.0,-2.0,-43.66666666666667,-3.5,-1.5,,,-10.125,0.05374999999999985,-5.25,-0.25,0.43500000000000005,0.0775000000000001,0.27125,-0.15,-8.25,-0.46666666666666723,-1.625,-0.08999999999999997,-1.75,-2.5,-0.36249999999999993,-0.275,1.5,-41.250000000000085,-1.75,-0.1662499999999999,-0.275,-0.25,0.0,0.0,-0.33333333333333304,0.8333333333333334,-1.1666666666666643,,-284.8333333333333,-94.66666666666666,-6.583333333333343,-633.5833333333337,-5.833333333333332,-233.25,-191.5,-4.000000000000014,-828.5,-36.0,-5.0,0.5800000000000001,-4.0,,,-0.25,,-8.375,-0.625,-39.25,-6.75,-747.5833333333337,-20.5,-0.25,-0.25,-68.5,-5812.333333333333,-73.5,-68.5,-45.5,-132.625,-132.625,-1924.9166666666667,-621.9999999999997,0.0,-72.75,-0.20500000000000007,-443.00000000000006,-414.4166666666666,-5.941666666666691,,,,-1.5,0.0,1.7675,-37.5,-15.0,-3.0,-1.4250000000000043,0.5449999999999999,,-9.416666666666668,-8.749999999999998,-6.125,-100.08333333333333,-5.75,-3.0,-8.5,-6.250000000000007,-45.5,-32.5,-7819.75,-3210.583333333334,-25.75,-87.5,-799.75,-471.0,-97.25,-482.5,-727.1666666666667,-799.75,-527.5,,0.0,-8.0
2023-2024,Turkey,Czechia,,,Turkey,12.450000000000003,1.6666666666666679,-0.14999999999999997,-1.0,810.0,7.799999999999999,3.0,2.0,,,547.6666666666666,-2.5,64.66666666666667,677.6666666666666,-0.4333333333333371,677.6666666666666,5.5,,42.16666666666666,0.0,0.0,-2.5,2.0,16.0,2.0,6.950000000000003,2.5,5.5,1.0,16.333333333333332,0.5,0.0,,,0.0,0.1299999999999999,1.5,0.0,0.3999999999999999,0.12,0.31,-1.02,0.5,0.7999999999999994,0.5,-0.22499999999999998,0.0,0.0,0.14,-0.07,2.0,72.33333333333329,0.0,0.20500000000000002,-0.07,0.0,0.0,0.0,1.0,1.0,21.0,,103.16666666666669,49.333333333333336,16.86666666666666,766.0,1.1666666666666679,378.0,343.0,0.6666666666666714,1117.5,-1.5,1.5,0.3999999999999999,0.0,,,0.0,,1.0,0.0,0.25,-1.0,810.0,10.5,0.0,0.0,-2.0,4025.666666666667,15.5,-2.0,-1.5,-4.0,-4.0,1448.3333333333333,619.6666666666666,0.3333333333333333,-1.5,-0.029999999999999805,302.6666666666667,271.6666666666667,-1.5000000000000142,,,,-0.5,0.5,0.40000000000000036,-0.5,-1.0,11.0,-3.0500000000000043,-0.10000000000000009,,17.333333333333332,5.333333333333334,0.5,25.666666666666668,-0.5,0.5,-1.5,20.33333333333333,5.5,1.0,12290.0,2710.0,11.5,6.0,985.0,-2.0,-8.5,408.0,96.33333333333331,985.0,231.5,,0.0,1.0
2023-2024,Portugal,Georgia,,,Georgia,1.1500000000000021,8.166666666666664,-0.06375,0.25,1413.5833333333337,0.3999999999999986,10.0,-0.625,,,968.3333333333337,-16.0,51.66666666666667,1198.5,-2.63333333333334,1198.5,17.75,,178.5,0.0,-0.5,-11.625,27.5,20.833333333333336,-43.375,55.6,-45.75,-95.5,3.0,47.0,-5.0,0.0,,,0.625,0.12625000000000008,-2.75,-1.25,0.039999999999999925,0.03249999999999989,0.023750000000000104,-0.57,-3.75,2.2666666666666666,2.125,0.365,-0.25,1.0,-3.5225000000000004,-3.8850000000000002,1.5,203.58333333333337,0.25,-2.92875,-3.0949999999999998,-0.25,-0.5,0.0,2.333333333333333,0.1666666666666666,22.166666666666664,,298.0,93.5,-8.950000000000003,1258.5833333333337,1.5,540.25,469.5,2.4666666666666828,103.5,-4.0,-1.5,-0.030000000000000027,0.0,,,-1.25,,0.375,0.625,-6.0,2.75,1413.5833333333337,22.0,-1.25,-1.25,-39.5,8179.0,34.5,-39.5,-22.0,-21.375,-21.375,3142.25,1127.6666666666663,0.3333333333333333,-18.75,-0.04999999999999982,701.6666666666667,643.0833333333333,-1.058333333333323,,,,-6.0,-0.5,-0.3424999999999998,-35.0,-12.5,9.0,-0.5750000000000028,-0.09000000000000008,,24.75,13.083333333333332,3.125,123.75,-11.75,0.0,2.5,23.583333333333336,41.5,26.5,17563.75,5312.583333333334,28.25,77.5,1600.75,-44.5,-16.25,775.5,803.5,1600.75,361.0,,0.0,5.5
